{
	"Modality": "MR",
	"MagneticFieldStrength": 1.5,
	"ImagingFrequency": 63.6715,
	"Manufacturer": "Siemens",
	"ManufacturersModelName": "MAGNETOM Sola",
	"InstitutionName": "Nottingham University Hospital",
	"InstitutionAddress": "Lister Road ,Nottingham,,GB,NG7 2FT",
	"DeviceSerialNumber": "182880",
	"StationName": "AWP182880",
	"BodyPartExamined": "BRAIN",
	"PatientPosition": "HFS",
	"ProcedureStepDescription": "Neuro Brain",
	"SoftwareVersions": "syngo MR XA51",
	"MRAcquisitionType": "3D",
	"SeriesDescription": "t1_space_sag_cs4",
	"ProtocolName": "t1_space_sag_cs4",
	"ScanningSequence": "SE",
	"SequenceVariant": "SK\\SP",
	"PulseSequenceName": "*spcR_42ns",
	"ImageType": ["ORIGINAL", "PRIMARY", "M", "NONE"],
	"ImageTypeText": ["ORIGINAL", "PRIMARY", "M", "NORM", "DIS2D"],
	"NonlinearGradientCorrection": true,
	"SeriesNumber": 2,
	"AcquisitionTime": "15:55:30.805000",
	"AcquisitionNumber": 1,
	"SliceThickness": 1,
	"EchoTime": 0.011,
	"RepetitionTime": 0.7,
	"MTState": false,
	"SpoilingState": true,
	"FlipAngle": 120,
	"PartialFourier": 1,
	"BaseResolution": 256,
	"ShimSetting": [
		-4309,
		-3820,
		-10183,
		232,
		55,
		-65,
		-46,
		85	],
	"TxRefAmp": 272.671,
	"PhaseResolution": 1,
	"ReceiveCoilName": "HeadNeck_20_TCS",
	"ReceiveCoilActiveElements": "HE1-4;NE2",
	"CoilString": "1",
	"PulseSequenceDetails": "%SiemensSeq%\\space",
	"RefLinesPE": 24,
	"CoilCombinationMethod": "Adaptive Combine",
	"PercentPhaseFOV": 100,
	"PercentSampling": 100,
	"EchoTrainLength": 42,
	"PhaseEncodingSteps": 256,
	"FrequencyEncodingSteps": 256,
	"PhaseEncodingStepsOutOfPlane": 176,
	"AcquisitionMatrixPE": 256,
	"ReconMatrixPE": 256,
	"ParallelAcquisitionTechnique": "CS",
	"CompressedSensing": true,
	"CompressedSensingDetails": "4",
	"DeepLearning": true,
	"DeepLearningDetails": "ChannelMixing:ND=true_CMM=2_CDM=1\\NormalizeAlgo:PreScan\\ImplicitI",
	"AcquisitionDuration": 160.402,
	"PixelBandwidth": 630,
	"DwellTime": 3.1e-06,
	"PhaseEncodingDirection": "i",
	"ImageOrientationPatientDICOM": [
		0,
		1,
		0,
		0,
		0,
		-1	],
	"InPlanePhaseEncodingDirectionDICOM": "ROW",
	"ConversionSoftware": "dcm2niix",
	"ConversionSoftwareVersion": "v1.0.20230201"
}
